fold,accuracy,f1_macro,f1_micro,f1_weighted,model_type
1,0.629375,0.479775402414673,0.629375,0.6417695159037679,Model C
2,0.6378125,0.47653501125799574,0.6378125,0.6439393832344069,Model C
3,0.6428125,0.45633993036317483,0.6428125,0.6510966903499619,Model C
4,0.6275,0.49432629831078506,0.6275,0.6454430634421635,Model C
5,0.6315625,0.47232451759814764,0.6315625,0.648456608841904,Model C
