Model,accuracy,f1_macro,f1_micro,f1_weighted
Model A,0.885,0.8845845042151745,0.885,0.8845845042151745
Model B,0.525,0.48575487558354685,0.525,0.5155992066894332
Model C,0.6385,0.46067576929383186,0.6385,0.6421735368350117
