fold,accuracy,f1_macro,f1_micro,f1_weighted,model_type
1,0.538125,0.5062661003580634,0.538125,0.5339124282588983,Model B
2,0.54,0.49841527542105907,0.54,0.529216689374876,Model B
3,0.553125,0.5213352878439887,0.553125,0.5445563096430694,Model B
4,0.529375,0.48852474987317485,0.529375,0.5227141489884939,Model B
5,0.531875,0.48672385768233484,0.531875,0.5309314806437879,Model B
