fold,accuracy,f1_macro,f1_micro,f1_weighted,model_type
1,0.8859375,0.885925368430295,0.8859375,0.8859503668163538,Model A
2,0.883125,0.8830482047000394,0.883125,0.8830144896903005,Model A
3,0.888125,0.8878979934367093,0.888125,0.8880777069659811,Model A
4,0.884375,0.884348978520167,0.884375,0.8843153674420495,Model A
5,0.890625,0.8900268491592553,0.890625,0.890158645107216,Model A
